Employee ID,StartDate,Title,BusinessUnit,EmployeeStatus,EmployeeType,PayZone,EmployeeClassificationType,DepartmentType,Division,DOB,State,GenderCode,RaceDesc,MaritalDesc,Performance Score,Current Employee Rating,Survey Date,Engagement Score,Satisfaction Score,Work-Life Balance Score,Training Date,Training Program Name,Training Type,Training Outcome,Training Duration(Days),Training Cost,Age
3427,20-Sep-19,Production Technician I,CCDR,Active,Contract,Zone C,Temporary,Production       ,Finance & Accounting,07-10-1969,MA,Female,White,Widowed,Fully Meets,4,14-01-2023,1,2,3,15-Jul-23,Leadership Development,Internal,Failed,2,606.11,50
3428,11-Feb-23,Production Technician I,EW,Active,Contract,Zone A,Part-Time,Production       ,Aerial,30-08-1965,MA,Male,Hispanic,Widowed,Fully Meets,3,09-09-2022,2,1,5,12-Sep-22,Customer Service,External,Incomplete,4,673.02,58
3429,10-Dec-18,Area Sales Manager,PL,Active,Full-Time,Zone B,Part-Time,Sales,General - Sga,06-10-1991,MA,Male,Hispanic,Widowed,Fully Meets,4,27-05-2023,1,2,1,13-Aug-22,Leadership Development,External,Failed,2,413.28,27
3430,21-Jun-21,Area Sales Manager,CCDR,Active,Contract,Zone A,Full-Time,Sales,Finance & Accounting,04-04-1998,ND,Male,Other,Single,Fully Meets,2,16-06-2023,5,5,4,15-Dec-22,Project Management,External,Completed,3,663.78,23
3431,29-Jun-19,Area Sales Manager,TNS,Active,Contract,Zone A,Temporary,Sales,General - Con,29-08-1969,FL,Female,Other,Married,Fully Meets,3,25-11-2022,2,5,3,13-Jul-23,Technical Skills,External,Failed,5,399.03,50
3432,17-Jan-20,Area Sales Manager,BPC,Active,Contract,Zone B,Full-Time,Sales,Field Operations,03-04-1949,CT,Male,Black,Married,Fully Meets,3,12-12-2022,2,3,5,18-Apr-23,Project Management,Internal,Passed,2,820.33,71
3433,06-Apr-22,Area Sales Manager,WBL,Active,Full-Time,Zone B,Temporary,Sales,General - Eng,01-07-1942,CA,Female,Hispanic,Divorced,Exceeds,4,25-03-2023,1,5,2,06-Aug-22,Customer Service,External,Passed,5,295.08,80
3434,06-Nov-20,Area Sales Manager,CCDR,Active,Contract,Zone C,Full-Time,Sales,Engineers,07-03-1957,OR,Female,White,Divorced,Fully Meets,2,21-04-2023,1,4,2,07-Oct-22,Leadership Development,Internal,Passed,3,790.15,63
3435,18-Aug-18,Area Sales Manager,NEL,Active,Contract,Zone B,Part-Time,Sales,Executive,15-05-1974,TX,Male,Black,Widowed,Exceeds,3,09-12-2022,4,3,3,19-Jul-23,Customer Service,Internal,Passed,3,798.4,44
3436,21-Jan-22,Area Sales Manager,BPC,Active,Part-Time,Zone B,Temporary,Sales,Engineers,11-11-1949,TX,Male,Asian,Widowed,Fully Meets,5,30-07-2023,5,5,2,09-Apr-23,Leadership Development,Internal,Failed,5,192.61,73
3437,04-Aug-23,Area Sales Manager,SVG,Active,Contract,Zone B,Temporary,Sales,Field Operations,26-01-1964,IN,Female,Other,Single,Fully Meets,5,15-10-2022,3,2,5,20-Oct-22,Technical Skills,Internal,Failed,1,455.68,59
3438,10-Aug-18,Area Sales Manager,MSC,Active,Full-Time,Zone C,Temporary,Sales,General - Con,06-04-1948,GA,Female,Asian,Married,Fully Meets,3,28-10-2022,4,2,5,05-Oct-22,Technical Skills,Internal,Failed,2,208.17,70
3439,25-May-22,Area Sales Manager,EW,Active,Full-Time,Zone A,Temporary,Sales,Splicing,24-11-1981,CO,Male,Other,Single,Fully Meets,3,30-10-2022,1,2,5,09-Mar-23,Technical Skills,External,Incomplete,1,421.07,41
3440,05-Dec-19,Area Sales Manager,CCDR,Active,Contract,Zone A,Full-Time,Sales,Finance & Accounting,06-11-1951,KY,Female,White,Divorced,Fully Meets,3,24-09-2022,1,4,5,29-May-23,Communication Skills,External,Failed,1,649.03,68
3441,28-Apr-19,Area Sales Manager,BPC,Active,Part-Time,Zone A,Part-Time,Sales,General - Con,21-11-1989,NV,Male,Asian,Widowed,Exceeds,4,30-10-2022,4,2,5,08-Jan-23,Project Management,Internal,Passed,4,450.2,30
3442,09-Jul-19,Area Sales Manager,PYZ,Active,Full-Time,Zone A,Full-Time,IT/IS,Field Operations,24-11-1952,MA,Male,Black,Single,Exceeds,2,31-10-2022,2,5,3,06-Mar-23,Project Management,External,Failed,4,286.87,67
3443,05-Apr-21,Area Sales Manager,WBL,Active,Full-Time,Zone C,Part-Time,IT/IS,Project Management - Con,08-04-1994,KY,Male,Asian,Widowed,Fully Meets,3,29-04-2023,2,2,4,18-Feb-23,Technical Skills,External,Failed,3,402.13,27
3444,28-Nov-21,Area Sales Manager,NEL,Active,Contract,Zone A,Part-Time,Sales,Engineers,15-11-1983,KY,Male,Other,Widowed,Fully Meets,3,14-12-2022,1,2,4,02-Nov-22,Technical Skills,External,Failed,2,388.84,38
3445,16-Jan-21,Area Sales Manager,PL,Active,Contract,Zone C,Full-Time,Sales,Project Management - Con,07-12-1985,KY,Female,Other,Married,Exceeds,4,07-05-2023,4,5,2,14-Jul-23,Project Management,External,Completed,2,879.64,36
3446,24-Aug-21,Area Sales Manager,BPC,Active,Part-Time,Zone A,Part-Time,Sales,Field Operations,01-05-1996,TX,Female,White,Divorced,Exceeds,2,21-05-2023,4,3,5,11-Dec-22,Technical Skills,Internal,Failed,5,701.13,25
3450,01-Sep-20,Area Sales Manager,MSC,Active,Contract,Zone C,Temporary,Sales,Field Operations,11-08-1994,CO,Male,Other,Single,Exceeds,2,18-01-2023,4,3,5,12-Jan-23,Technical Skills,Internal,Completed,4,186.07,26
3451,18-Feb-21,Area Sales Manager,TNS,Active,Contract,Zone C,Full-Time,Sales,General - Con,15-01-1968,CO,Male,Other,Divorced,Exceeds,3,29-04-2023,5,1,2,22-Mar-23,Technical Skills,External,Completed,1,921.97,53
3452,08-Nov-22,Area Sales Manager,PYZ,Active,Part-Time,Zone A,Part-Time,Sales,General - Con,07-01-1947,IN,Male,Black,Divorced,Fully Meets,2,19-01-2023,5,5,2,13-Sep-22,Customer Service,Internal,Failed,1,691.04,75
3453,13-Oct-22,Area Sales Manager,WBL,Active,Contract,Zone C,Part-Time,Sales,Fielders,07-04-1982,MA,Male,White,Widowed,Fully Meets,4,17-09-2022,5,5,3,25-Aug-22,Customer Service,External,Completed,5,964.44,40
3454,11-Sep-22,Area Sales Manager,PYZ,Active,Full-Time,Zone C,Full-Time,IT/IS,General - Con,29-01-1970,KY,Male,Hispanic,Married,Needs Improvement,4,14-03-2023,4,4,2,07-Feb-23,Communication Skills,Internal,Passed,3,184.9,52
3455,29-Jun-21,Area Sales Manager,WBL,Active,Full-Time,Zone C,Temporary,Sales,Project Management - Eng,18-01-1999,KY,Male,Other,Widowed,Exceeds,4,12-08-2022,2,1,1,17-Mar-23,Project Management,External,Passed,1,220.41,22
3456,06-Mar-23,Area Sales Manager,NEL,Active,Full-Time,Zone A,Temporary,Sales,Field Operations,25-09-1946,KY,Female,Black,Divorced,Fully Meets,3,30-03-2023,4,3,4,08-Jun-23,Technical Skills,External,Passed,2,336.82,77
3457,25-Sep-20,Area Sales Manager,PL,Active,Full-Time,Zone B,Temporary,Sales,Engineers,23-08-1947,KY,Female,White,Divorced,Needs Improvement,3,21-04-2023,5,1,4,15-Apr-23,Customer Service,External,Completed,4,485.73,73
3460,19-Feb-20,Area Sales Manager,SVG,Active,Full-Time,Zone A,Full-Time,Sales,Aerial,10-02-1944,TX,Male,Asian,Married,Fully Meets,3,16-11-2022,4,3,3,08-Jul-23,Communication Skills,External,Incomplete,5,919.52,76
3462,13-Sep-18,Area Sales Manager,MSC,Active,Contract,Zone A,Full-Time,Sales,Field Operations,09-08-1942,CO,Male,Hispanic,Divorced,Needs Improvement,3,08-11-2022,3,3,1,19-Jul-23,Project Management,External,Completed,1,320.01,76
3463,30-Apr-20,Area Sales Manager,TNS,Active,Part-Time,Zone A,Temporary,Sales,Field Operations,21-06-1951,IN,Male,Hispanic,Single,Fully Meets,1,18-09-2022,4,3,4,29-Aug-22,Technical Skills,Internal,Incomplete,4,926.19,69
3464,03-Dec-18,Area Sales Manager,PYZ,Active,Contract,Zone B,Full-Time,Sales,Shop (Fleet),17-06-1998,MA,Male,Black,Widowed,Needs Improvement,5,29-12-2022,2,5,3,13-Nov-22,Customer Service,External,Passed,2,290.47,20
3465,08-Nov-21,Area Sales Manager,WBL,Active,Full-Time,Zone B,Full-Time,Sales,General - Con,07-01-1962,MA,Male,Asian,Divorced,Needs Improvement,3,19-05-2023,5,4,3,04-Jun-23,Communication Skills,External,Incomplete,1,706.1,59
3466,13-Apr-22,Area Sales Manager,PYZ,Active,Part-Time,Zone C,Full-Time,IT/IS,Aerial,26-01-1979,KY,Male,Other,Married,Exceeds,4,04-08-2023,1,3,4,07-Dec-22,Customer Service,External,Passed,3,447.66,43
3467,06-May-20,Area Sales Manager,WBL,Active,Contract,Zone A,Part-Time,Sales,Fielders,14-05-1987,KY,Female,Asian,Divorced,Exceeds,1,27-06-2023,4,3,2,24-Feb-23,Technical Skills,Internal,Incomplete,1,759.7,33
3468,09-Sep-19,Area Sales Manager,NEL,Active,Contract,Zone B,Temporary,Sales,Wireline Construction,26-04-1998,KY,Female,Black,Single,Fully Meets,4,05-02-2023,3,1,3,10-May-23,Customer Service,Internal,Completed,3,180.63,21
3471,29-Feb-20,Area Sales Manager,CCDR,Active,Part-Time,Zone C,Temporary,Sales,Field Operations,03-01-1967,TX,Male,Asian,Married,Fully Meets,4,30-04-2023,2,4,1,23-Mar-23,Customer Service,External,Passed,3,109.98,53
3472,15-Jan-23,Area Sales Manager,SVG,Active,Contract,Zone C,Full-Time,Sales,Project Management - Con,12-01-1982,TX,Male,Other,Married,Exceeds,4,26-07-2023,5,5,4,12-Feb-23,Technical Skills,External,Completed,5,537.24,41
3473,29-Jun-23,Area Sales Manager,EW,Active,Part-Time,Zone A,Temporary,Sales,Shop (Fleet),01-10-1950,CO,Male,Hispanic,Widowed,Exceeds,2,28-06-2023,3,4,4,06-Dec-22,Communication Skills,External,Failed,5,789.99,73
3474,09-Mar-20,Area Sales Manager,MSC,Active,Full-Time,Zone A,Temporary,Sales,Catv,16-12-1965,CO,Male,Other,Divorced,Fully Meets,2,09-05-2023,3,1,2,01-Sep-22,Customer Service,External,Incomplete,5,155.51,55
3475,21-Sep-21,Area Sales Manager,TNS,Active,Full-Time,Zone C,Temporary,Sales,General - Con,25-12-1957,IN,Male,Asian,Widowed,Fully Meets,2,25-01-2023,4,3,4,02-Nov-22,Customer Service,Internal,Passed,2,648.76,64
3476,12-Jun-23,Area Sales Manager,PYZ,Active,Part-Time,Zone A,Temporary,Sales,Fielders,20-06-1945,MA,Male,Asian,Divorced,Needs Improvement,2,03-03-2023,5,5,3,18-Nov-22,Leadership Development,Internal,Incomplete,4,533.5,78
3477,07-Apr-19,Area Sales Manager,PYZ,Active,Part-Time,Zone A,Full-Time,IT/IS,Aerial,03-12-1969,KY,Female,Asian,Widowed,Needs Improvement,2,05-12-2022,1,2,1,07-Nov-22,Leadership Development,External,Failed,5,429.48,50
3478,17-Sep-18,Area Sales Manager,WBL,Active,Full-Time,Zone C,Temporary,Sales,Wireline Construction,10-10-1957,KY,Female,Hispanic,Married,Fully Meets,2,29-11-2022,3,4,1,05-Oct-22,Technical Skills,External,Incomplete,1,526.74,61
3479,02-Aug-22,Area Sales Manager,NEL,Active,Contract,Zone A,Part-Time,Sales,Project Management - Con,17-05-1962,TX,Female,Hispanic,Widowed,Fully Meets,2,03-11-2022,4,4,4,18-Jan-23,Communication Skills,Internal,Passed,3,443.45,60
3483,26-Sep-21,Area Sales Manager,SVG,Active,Part-Time,Zone B,Temporary,Sales,Project Management - Con,19-06-1964,CO,Male,Asian,Widowed,Fully Meets,1,23-10-2022,1,4,5,10-Aug-22,Project Management,External,Passed,4,111.96,57
3484,29-Aug-18,Area Sales Manager,EW,Active,Part-Time,Zone B,Full-Time,Sales,General - Con,18-07-1995,CO,Male,Other,Single,Fully Meets,4,16-09-2022,1,2,4,27-Jun-23,Project Management,External,Passed,1,795.7,23
3485,26-Oct-21,Area Sales Manager,MSC,Active,Contract,Zone C,Full-Time,Sales,Field Operations,22-08-1994,CO,Male,White,Widowed,Fully Meets,5,07-05-2023,2,1,3,07-Aug-22,Customer Service,Internal,Passed,2,796.45,27
3486,31-Oct-22,Area Sales Manager,TNS,Active,Part-Time,Zone C,Temporary,Sales,Fielders,14-11-1990,IN,Male,Other,Widowed,Fully Meets,4,27-08-2022,3,1,1,23-Jul-23,Project Management,Internal,Completed,5,812.59,32
3487,15-Mar-23,Area Sales Manager,BPC,Active,Contract,Zone B,Part-Time,Sales,General - Sga,01-02-1994,KY,Female,Other,Divorced,Fully Meets,4,23-09-2022,5,4,1,17-Jul-23,Project Management,External,Completed,5,132.97,29
3488,09-Sep-22,Area Sales Manager,CCDR,Active,Contract,Zone B,Full-Time,Sales,Wireline Construction,12-11-1997,KY,Female,Asian,Single,Fully Meets,2,11-03-2023,1,5,1,20-Sep-22,Communication Skills,Internal,Completed,1,308.19,25
3489,04-Mar-22,Area Sales Manager,EW,Active,Part-Time,Zone A,Temporary,Sales,Field Operations,02-05-1953,TX,Female,Black,Divorced,Fully Meets,2,03-12-2022,2,4,5,02-Jul-23,Project Management,Internal,Passed,1,131.41,69
3490,11-Feb-19,Area Sales Manager,MSC,Active,Part-Time,Zone A,Part-Time,Sales,General - Sga,10-07-1991,TX,Female,Hispanic,Divorced,Fully Meets,2,12-10-2022,5,3,2,19-Jul-23,Technical Skills,Internal,Failed,3,389.59,28
3491,26-Jan-21,Area Sales Manager,NEL,Active,Contract,Zone B,Full-Time,Sales,Field Operations,02-06-1973,TX,Male,White,Widowed,Fully Meets,5,10-09-2022,3,4,5,14-Jul-23,Project Management,Internal,Incomplete,3,442.56,48
3492,26-Nov-19,Area Sales Manager,PL,Active,Full-Time,Zone C,Full-Time,Sales,General - Con,08-01-1993,CO,Male,Asian,Married,Fully Meets,1,13-01-2023,1,5,5,06-Sep-22,Project Management,Internal,Incomplete,3,327.66,26
3493,15-Jul-19,Area Sales Manager,PYZ,Active,Full-Time,Zone C,Full-Time,Sales,Project Management - Con,17-04-1984,CO,Male,Asian,Widowed,Fully Meets,5,02-04-2023,3,1,5,19-Feb-23,Project Management,Internal,Completed,3,400.95,35
3494,18-Jun-20,Area Sales Manager,SVG,Active,Contract,Zone B,Full-Time,Sales,General - Con,08-02-1994,CO,Male,Black,Single,Fully Meets,4,15-12-2022,1,2,1,11-Feb-23,Technical Skills,Internal,Completed,2,910.45,26
3495,22-Jun-23,Area Sales Manager,TNS,Active,Part-Time,Zone B,Temporary,Sales,Wireline Construction,27-01-1993,IN,Male,Other,Married,Fully Meets,4,08-09-2022,4,3,5,21-Dec-22,Customer Service,External,Passed,1,701.55,30
3496,02-Dec-21,Area Sales Manager,WBL,Active,Contract,Zone A,Part-Time,Sales,General - Sga,19-09-1964,CA,Male,Other,Widowed,Fully Meets,5,26-12-2022,1,3,2,16-Feb-23,Project Management,Internal,Incomplete,1,806.87,57
3497,08-Dec-21,Area Sales Manager,TNS,Active,Part-Time,Zone C,Temporary,Sales,Project Management - Con,18-02-1981,OR,Female,Hispanic,Widowed,Fully Meets,1,18-09-2022,2,3,4,11-Mar-23,Communication Skills,Internal,Completed,2,184.21,40
3498,26-Apr-23,Area Sales Manager,PYZ,Active,Full-Time,Zone A,Full-Time,Sales,General - Sga,17-10-1998,KY,Female,White,Widowed,Fully Meets,2,19-06-2023,3,3,4,30-May-23,Project Management,External,Failed,1,208.43,25
3499,25-Sep-18,Area Sales Manager,WBL,Active,Part-Time,Zone C,Temporary,Sales,Field Operations,16-01-1971,KY,Female,Asian,Widowed,Fully Meets,5,21-07-2023,5,3,5,30-Jan-23,Technical Skills,Internal,Incomplete,2,762.45,47
3500,20-Nov-18,Area Sales Manager,NEL,Active,Full-Time,Zone B,Part-Time,Sales,Shop (Fleet),25-02-2000,TX,Female,White,Divorced,Fully Meets,1,14-05-2023,4,1,4,15-Jun-23,Leadership Development,External,Incomplete,4,779.79,18
3502,01-Oct-19,Area Sales Manager,BPC,Active,Full-Time,Zone C,Temporary,Sales,Splicing,29-06-1976,TX,Male,White,Married,Fully Meets,1,24-04-2023,5,3,5,03-Jan-23,Customer Service,External,Incomplete,3,427.12,43
3503,20-Jan-22,Area Sales Manager,CCDR,Active,Part-Time,Zone A,Temporary,Sales,Project Management - Con,27-07-1951,CO,Male,Other,Single,Fully Meets,4,28-01-2023,5,2,3,20-Feb-23,Technical Skills,Internal,Completed,4,996.35,71
3504,10-Oct-21,Area Sales Manager,SVG,Active,Full-Time,Zone B,Part-Time,Sales,General - Con,23-08-1980,CO,Male,Hispanic,Married,Fully Meets,2,20-04-2023,3,4,3,02-Jun-23,Communication Skills,Internal,Completed,5,963.23,41
3505,29-Aug-20,Area Sales Manager,EW,Active,Contract,Zone B,Temporary,Sales,Field Operations,24-07-1943,IN,Male,Hispanic,Widowed,Fully Meets,1,10-11-2022,4,3,2,13-Sep-22,Leadership Development,Internal,Failed,5,260.97,77
3506,27-Aug-19,Area Sales Manager,MSC,Active,Full-Time,Zone B,Temporary,Sales,Field Operations,06-07-1988,IN,Male,Other,Married,Fully Meets,2,27-06-2023,2,2,3,21-May-23,Leadership Development,Internal,Completed,1,781.81,31
3507,25-Feb-21,Area Sales Manager,TNS,Active,Full-Time,Zone A,Full-Time,Sales,Project Management - Con,24-03-1973,CA,Male,White,Single,Fully Meets,4,31-03-2023,2,5,2,25-May-23,Project Management,Internal,Passed,4,651.77,48
3508,13-Jul-21,Area Sales Manager,CCDR,Active,Full-Time,Zone B,Part-Time,Sales,Aerial,26-05-1942,OR,Male,Asian,Single,Fully Meets,5,17-04-2023,1,5,4,04-Apr-23,Communication Skills,External,Completed,1,568.22,79
3509,14-Apr-21,Area Sales Manager,BPC,Active,Part-Time,Zone C,Full-Time,Sales,General - Sga,04-11-1977,KY,Female,Black,Married,Fully Meets,2,03-12-2022,4,5,2,04-Mar-23,Leadership Development,External,Completed,4,612.1,44
3510,10-Feb-20,Area Sales Manager,PYZ,Active,Part-Time,Zone A,Full-Time,Sales,General - Con,17-10-1956,KY,Female,Hispanic,Married,Fully Meets,2,22-08-2022,2,4,3,27-Oct-22,Technical Skills,External,Completed,4,473.23,64
3511,17-Aug-21,Area Sales Manager,WBL,Active,Part-Time,Zone B,Full-Time,Sales,Finance & Accounting,18-02-1997,KY,Female,Asian,Divorced,Fully Meets,4,11-05-2023,5,4,5,07-Apr-23,Technical Skills,Internal,Completed,3,344.44,24
3514,15-Apr-20,Area Sales Manager,BPC,Active,Full-Time,Zone B,Part-Time,Sales,Wireline Construction,03-01-1958,TX,Male,Asian,Married,Fully Meets,1,25-08-2022,2,1,1,21-Feb-23,Leadership Development,Internal,Incomplete,3,975.46,62
3516,07-Apr-22,Area Sales Manager,SVG,Active,Contract,Zone B,Part-Time,Sales,Project Management - Con,25-06-1988,CO,Male,Asian,Divorced,Fully Meets,5,15-11-2022,2,3,5,22-Jun-23,Technical Skills,Internal,Incomplete,1,570.42,34
3517,19-Feb-20,Area Sales Manager,EW,Active,Part-Time,Zone A,Part-Time,Sales,Splicing,04-01-1942,IN,Male,Hispanic,Widowed,Fully Meets,4,01-01-2023,4,1,1,17-Sep-22,Technical Skills,Internal,Failed,3,391.31,78
3518,10-Apr-21,Area Sales Manager,MSC,Active,Contract,Zone B,Part-Time,Sales,General - Eng,24-05-1969,CA,Female,Hispanic,Married,Fully Meets,2,13-05-2023,4,2,5,27-Jun-23,Customer Service,Internal,Completed,3,826.58,52
3519,19-Dec-21,Area Sales Manager,TNS,Active,Part-Time,Zone C,Temporary,Sales,Aerial,28-03-1951,CA,Male,Hispanic,Widowed,Fully Meets,2,10-06-2023,1,3,4,11-Dec-22,Leadership Development,External,Incomplete,4,930.69,70
3520,13-Dec-20,Area Sales Manager,TNS,Active,Full-Time,Zone C,Temporary,Sales,Project Management - Con,01-03-1963,ND,Female,Black,Divorced,Fully Meets,1,17-09-2022,5,1,1,11-Sep-22,Customer Service,External,Incomplete,1,607.93,57
3521,26-Feb-19,Area Sales Manager,WBL,Active,Contract,Zone C,Part-Time,Sales,General - Con,16-04-1949,KY,Female,Asian,Divorced,Fully Meets,4,19-09-2022,1,3,3,28-Feb-23,Communication Skills,Internal,Incomplete,5,723.5,70
3522,02-Mar-20,Area Sales Manager,BPC,Active,Full-Time,Zone C,Part-Time,Sales,Splicing,12-10-1983,KY,Female,Other,Single,Fully Meets,1,14-07-2023,1,5,4,05-May-23,Communication Skills,External,Completed,5,394.04,37
3523,25-Jun-21,Area Sales Manager,CCDR,Active,Full-Time,Zone A,Temporary,Sales,General - Con,19-12-1978,KY,Female,Other,Single,Fully Meets,2,27-02-2023,3,2,3,10-Jul-23,Leadership Development,External,Incomplete,2,451.18,43
3526,15-Sep-22,Area Sales Manager,NEL,Active,Full-Time,Zone B,Full-Time,Sales,General - Con,30-05-1948,TX,Male,White,Widowed,Fully Meets,4,28-01-2023,1,5,3,15-Oct-22,Customer Service,Internal,Passed,2,360.5,74
3527,01-May-20,Area Sales Manager,PL,Active,Full-Time,Zone B,Temporary,Sales,Aerial,15-10-1974,CO,Male,Black,Married,Fully Meets,1,27-02-2023,1,3,2,06-Jan-23,Project Management,Internal,Failed,4,396.28,46
3528,13-Oct-22,Area Sales Manager,PYZ,Active,Full-Time,Zone C,Part-Time,Sales,Finance & Accounting,13-12-1991,CO,Male,Hispanic,Widowed,Fully Meets,2,27-05-2023,5,2,2,02-Mar-23,Technical Skills,External,Passed,1,465.96,31
3529,03-Jan-20,Area Sales Manager,SVG,Active,Part-Time,Zone C,Full-Time,Sales,Field Operations,18-06-1994,IN,Male,Hispanic,Single,Fully Meets,2,15-07-2023,2,3,4,04-Sep-22,Project Management,Internal,Incomplete,1,515.56,26
3530,13-Nov-19,Area Sales Manager,TNS,Active,Full-Time,Zone B,Part-Time,Sales,Field Operations,16-06-1993,CA,Female,Black,Widowed,Fully Meets,2,27-11-2022,1,2,5,18-Jan-23,Customer Service,External,Passed,2,496.85,26
3531,17-Jun-23,Area Sales Manager,WBL,Active,Full-Time,Zone C,Full-Time,Sales,Project Management - Con,18-05-1943,CA,Male,Black,Divorced,Fully Meets,1,24-02-2023,2,4,4,30-Nov-22,Leadership Development,External,Completed,3,629.46,80
3532,14-Oct-21,Area Sales Manager,EW,Active,Part-Time,Zone B,Full-Time,IT/IS,Wireless,27-11-1966,OR,Female,Black,Widowed,Fully Meets,1,08-10-2022,2,2,5,02-May-23,Technical Skills,Internal,Failed,2,771.61,55
3533,01-Jun-21,Area Sales Manager,MSC,Active,Contract,Zone B,Full-Time,Sales,General - Sga,12-11-1966,ND,Male,White,Married,Fully Meets,2,08-01-2023,2,5,2,11-May-23,Leadership Development,Internal,Completed,4,418.4,55
3534,14-Sep-18,Area Sales Manager,TNS,Active,Full-Time,Zone A,Full-Time,Sales,Engineers,16-08-1959,KY,Female,Asian,Single,Fully Meets,4,14-04-2023,4,3,2,21-May-23,Customer Service,Internal,Completed,3,900.96,59
3535,11-Dec-18,Area Sales Manager,PYZ,Active,Full-Time,Zone A,Temporary,Sales,Fielders,02-02-1994,KY,Female,Black,Single,Fully Meets,4,01-11-2022,1,5,1,25-Jun-23,Technical Skills,External,Incomplete,1,936.96,24
3536,06-Aug-22,Area Sales Manager,WBL,Active,Contract,Zone C,Temporary,Sales,General - Sga,02-01-1989,GA,Female,Black,Single,Fully Meets,2,09-10-2022,1,2,4,23-Nov-22,Leadership Development,External,Passed,5,269.03,33
3539,08-Dec-19,Area Sales Manager,BPC,Active,Full-Time,Zone C,Temporary,Sales,General - Con,27-11-1983,CO,Male,Hispanic,Single,Fully Meets,5,06-02-2023,3,3,4,17-Mar-23,Project Management,External,Failed,4,234.77,36
3540,12-Mar-20,Area Sales Manager,CCDR,Active,Full-Time,Zone B,Part-Time,Sales,Splicing,09-06-1983,CO,Male,White,Widowed,Exceeds,4,25-06-2023,2,2,3,26-Oct-22,Communication Skills,External,Incomplete,2,903.46,37
3541,06-Apr-20,Area Sales Manager,SVG,Active,Full-Time,Zone B,Full-Time,Sales,Field Operations,27-10-1991,IN,Male,Black,Married,Exceeds,2,28-11-2022,1,3,3,22-May-23,Customer Service,External,Passed,4,380.3,29
3542,15-Apr-23,Area Sales Manager,EW,Active,Contract,Zone A,Temporary,Sales,Field Operations,01-03-1948,IN,Male,White,Married,Needs Improvement,1,18-10-2022,2,3,4,22-Aug-22,Project Management,Internal,Failed,4,511.42,75
3543,10-Nov-20,Area Sales Manager,MSC,Active,Part-Time,Zone A,Temporary,Sales,General - Con,18-02-1981,CA,Female,Black,Single,Fully Meets,2,11-02-2023,4,5,5,21-May-23,Communication Skills,External,Passed,4,171.03,39
3544,29-Jun-23,Area Sales Manager,TNS,Active,Contract,Zone A,Temporary,Sales,Aerial,16-09-2000,CA,Male,Asian,Single,Fully Meets,2,14-09-2022,3,5,3,02-May-23,Leadership Development,External,Passed,3,842.93,23
3545,07-Mar-22,Area Sales Manager,EW,Active,Full-Time,Zone C,Temporary,IT/IS,Field Operations,28-01-1943,OR,Female,Black,Widowed,Fully Meets,1,27-05-2023,2,5,2,04-May-23,Customer Service,External,Incomplete,5,581.12,79
3546,31-Jul-21,Area Sales Manager,CCDR,Active,Full-Time,Zone B,Part-Time,Sales,General - Con,14-07-1980,ND,Male,Hispanic,Widowed,Exceeds,1,10-05-2023,2,5,5,21-Nov-22,Project Management,External,Passed,4,426.45,41
3547,20-Jan-22,Area Sales Manager,BPC,Active,Contract,Zone B,Full-Time,Sales,Project Management - Eng,25-03-1947,KY,Female,Other,Married,Needs Improvement,2,24-12-2022,2,4,2,24-Apr-23,Technical Skills,External,Failed,4,805.05,75
3548,11-Jul-21,Area Sales Manager,WBL,Active,Part-Time,Zone A,Full-Time,Sales,General - Con,25-01-1964,KY,Female,White,Single,Fully Meets,1,06-10-2022,5,5,3,16-Aug-22,Leadership Development,External,Passed,3,368.8,57
3549,15-Oct-18,Area Sales Manager,TNS,Active,Full-Time,Zone C,Full-Time,Sales,Field Operations,17-03-1955,GA,Female,Black,Divorced,Fully Meets,2,19-04-2023,1,4,1,02-Nov-22,Communication Skills,External,Failed,5,788.67,63
3551,11-Aug-18,Area Sales Manager,PYZ,Active,Part-Time,Zone C,Part-Time,Sales,Engineers,04-07-1954,TX,Male,Black,Married,Needs Improvement,4,03-06-2023,4,4,3,27-Oct-22,Communication Skills,External,Incomplete,1,570.13,64
3552,16-Feb-20,Area Sales Manager,PL,Active,Full-Time,Zone B,Full-Time,Sales,Field Operations,11-08-1942,CO,Male,White,Single,Needs Improvement,1,14-10-2022,3,4,2,26-Nov-22,Leadership Development,External,Failed,4,480.87,78
3553,20-Jan-20,Area Sales Manager,NEL,Active,Contract,Zone C,Temporary,Sales,Field Operations,07-05-1949,CO,Male,Black,Divorced,Fully Meets,4,30-10-2022,4,2,4,11-Dec-22,Project Management,Internal,Incomplete,5,689.48,71
3554,31-Mar-19,Area Sales Manager,MSC,Active,Part-Time,Zone C,Temporary,Sales,People Services,14-10-1958,IN,Male,Asian,Widowed,Fully Meets,1,07-06-2023,2,1,2,05-Jun-23,Project Management,Internal,Completed,4,283.33,61
3555,06-Jan-23,Area Sales Manager,EW,Active,Full-Time,Zone C,Temporary,Sales,General - Eng,11-01-1988,IN,Female,Hispanic,Widowed,Fully Meets,4,13-01-2023,2,5,1,04-Mar-23,Leadership Development,External,Passed,4,566.12,35
3556,18-Jul-19,Area Sales Manager,CCDR,Active,Full-Time,Zone B,Temporary,Sales,Wireline Construction,16-06-1961,CA,Male,White,Single,Exceeds,2,11-06-2023,2,2,3,11-Feb-23,Customer Service,Internal,Incomplete,1,513.92,58
3557,13-Feb-19,Area Sales Manager,BPC,Active,Part-Time,Zone C,Temporary,Sales,Field Operations,06-06-1960,MA,Male,Other,Single,Fully Meets,2,20-04-2023,4,5,2,04-Feb-23,Project Management,External,Failed,1,210.38,59
3558,30-Dec-18,Production Technician I,MSC,Active,Part-Time,Zone A,Part-Time,Production       ,Yard (Material Handling),04-06-1959,MA,Female,Black,Single,Fully Meets,1,05-10-2022,2,5,3,18-Jul-23,Technical Skills,Internal,Completed,1,941.54,59
3559,06-Nov-19,Production Technician I,NEL,Active,Part-Time,Zone C,Full-Time,Production       ,Field Operations,18-11-1991,MA,Male,White,Single,Fully Meets,2,27-12-2022,3,2,1,30-Nov-22,Project Management,External,Failed,2,959.81,28
3560,01-Jun-22,Production Technician I,MSC,Active,Contract,Zone C,Full-Time,Production       ,Field Operations,18-02-1954,MA,Female,Asian,Divorced,Exceeds,4,09-01-2023,2,4,5,22-May-23,Technical Skills,External,Passed,1,738.92,68
3561,28-Mar-23,Production Technician II,BPC,Active,Part-Time,Zone C,Temporary,Production       ,General - Con,31-01-1959,MA,Female,White,Married,Fully Meets,5,20-11-2022,2,1,5,07-Sep-22,Technical Skills,External,Failed,5,445.04,64
3563,01-Jan-19,Production Technician I,WBL,Active,Contract,Zone B,Full-Time,Production       ,Field Operations,15-10-1946,MA,Male,Black,Widowed,PIP,4,31-01-2023,4,1,3,06-Apr-23,Leadership Development,External,Passed,4,886.9,73
3564,26-Jan-19,Production Technician II,SVG,Terminated,Full-Time,Zone C,Temporary,Production       ,Aerial,07-11-1994,MA,Female,White,Divorced,Fully Meets,1,12-03-2023,4,4,3,10-Dec-22,Technical Skills,External,Incomplete,4,106.14,25
3565,11-Sep-21,Production Technician I,WBL,Active,Part-Time,Zone B,Full-Time,Production       ,General - Con,10-05-1968,MA,Male,Other,Divorced,Fully Meets,4,29-09-2022,5,5,5,06-May-23,Project Management,External,Passed,4,684.35,53
3566,26-Sep-21,Production Technician II,PL,Active,Part-Time,Zone A,Part-Time,Production       ,Aerial,05-10-1963,MA,Male,Black,Single,Fully Meets,2,27-01-2023,1,2,3,05-Sep-22,Communication Skills,Internal,Failed,2,578.81,58
3567,04-Mar-23,Production Technician I,EW,Active,Full-Time,Zone C,Full-Time,Production       ,General - Sga,02-09-1966,MA,Male,Asian,Widowed,Fully Meets,4,04-08-2023,2,3,2,09-Jun-23,Customer Service,Internal,Completed,5,764.51,57
3568,11-Jul-23,Production Technician I,EW,Terminated,Full-Time,Zone B,Part-Time,Production       ,Field Operations,08-12-1974,MA,Male,Asian,Divorced,Fully Meets,2,07-02-2023,2,4,1,23-Aug-22,Project Management,Internal,Incomplete,2,201.76,49
3569,09-Feb-19,Production Technician I,MSC,Active,Part-Time,Zone B,Temporary,Production       ,Catv,19-07-1995,MA,Female,Hispanic,Divorced,Fully Meets,2,24-12-2022,1,3,5,09-Nov-22,Technical Skills,External,Incomplete,4,730.04,24
3570,19-Apr-19,Production Technician II,TNS,Terminated,Full-Time,Zone B,Temporary,Production       ,Fielders,23-11-1974,MA,Female,Asian,Married,Fully Meets,1,02-01-2023,2,5,3,29-Mar-23,Project Management,External,Failed,2,796.88,45
3571,07-Jul-22,Production Technician I,NEL,Terminated,Part-Time,Zone C,Full-Time,Production       ,Field Operations,29-08-1947,MA,Female,White,Widowed,Fully Meets,4,23-11-2022,4,1,5,04-Aug-23,Project Management,External,Completed,3,834.44,75
3572,12-Mar-19,Production Technician I,WBL,Active,Contract,Zone A,Part-Time,Production       ,Fielders,07-06-1994,MA,Male,White,Single,Fully Meets,5,05-12-2022,5,5,5,19-May-23,Leadership Development,Internal,Failed,5,569.17,25
3573,09-Mar-20,Production Technician I,NEL,Active,Contract,Zone B,Full-Time,Production       ,Field Operations,26-10-1983,MA,Female,Asian,Divorced,Exceeds,4,31-12-2022,4,1,1,06-Oct-22,Customer Service,Internal,Completed,4,386.07,37
3575,28-Apr-21,Production Technician I,MSC,Terminated,Part-Time,Zone A,Temporary,Production       ,Field Operations,05-03-1987,MA,Male,Hispanic,Single,Exceeds,5,26-06-2023,5,1,5,12-Dec-22,Technical Skills,Internal,Incomplete,3,583.21,34
3576,21-Jul-21,Production Technician II,PL,Active,Full-Time,Zone B,Full-Time,Production       ,Engineers,26-04-1992,MA,Female,Asian,Single,Exceeds,4,23-03-2023,2,3,3,02-Feb-23,Project Management,External,Completed,5,398.65,29
3577,15-Sep-19,Production Technician I,BPC,Active,Part-Time,Zone C,Temporary,Production       ,Field Operations,30-05-1957,MA,Male,White,Widowed,Fully Meets,4,14-08-2022,5,4,5,26-Jan-23,Communication Skills,Internal,Passed,5,931.46,62
3578,04-May-19,Production Technician I,WBL,Active,Full-Time,Zone A,Temporary,Production       ,Field Operations,30-05-1957,MA,Male,Hispanic,Married,Exceeds,2,14-10-2022,1,4,2,01-Dec-22,Project Management,External,Completed,5,115.06,62
3579,20-May-21,Production Technician II,BPC,Active,Full-Time,Zone C,Part-Time,Production       ,Field Operations,15-11-1946,MA,Female,Asian,Widowed,Needs Improvement,4,27-04-2023,5,3,3,27-Apr-23,Communication Skills,External,Failed,2,199.82,75
3580,16-Dec-19,Production Technician I,PYZ,Active,Full-Time,Zone C,Full-Time,Production       ,Field Operations,21-04-1942,MA,Male,Other,Married,Fully Meets,4,21-10-2022,2,4,3,04-Nov-22,Communication Skills,Internal,Failed,5,940.2,77
3581,20-Nov-20,Production Technician I,SVG,Active,Full-Time,Zone A,Part-Time,Production       ,Wireline Construction,08-03-1943,MA,Male,Other,Divorced,Fully Meets,2,29-08-2022,3,4,4,29-Jan-23,Communication Skills,External,Completed,1,122.07,77
3582,19-Aug-20,Production Technician I,TNS,Active,Part-Time,Zone B,Part-Time,Production       ,Yard (Material Handling),09-08-1968,MA,Male,Asian,Widowed,Fully Meets,4,17-09-2022,2,2,5,09-Sep-22,Communication Skills,Internal,Completed,4,875.02,52
3583,28-Apr-21,Production Technician I,WBL,Active,Full-Time,Zone C,Temporary,Production       ,Field Operations,20-11-1958,MA,Female,White,Married,Needs Improvement,4,05-07-2023,4,1,4,18-Mar-23,Communication Skills,Internal,Incomplete,4,116.4,63
3584,14-Aug-20,Production Technician I,BPC,Active,Contract,Zone C,Full-Time,Production       ,Field Operations,07-11-1987,MA,Female,Other,Married,Fully Meets,4,28-05-2023,2,2,5,15-Dec-22,Technical Skills,External,Passed,5,341.78,33
3585,22-Dec-21,Production Technician I,CCDR,Active,Full-Time,Zone A,Full-Time,Production       ,Yard (Material Handling),16-07-1992,MA,Female,Black,Divorced,Fully Meets,4,12-01-2023,1,2,3,14-Feb-23,Communication Skills,Internal,Completed,4,107.48,29
3586,01-Feb-19,Production Technician I,EW,Active,Part-Time,Zone B,Full-Time,Production       ,People Services,27-12-2000,MA,Female,Hispanic,Single,Fully Meets,2,31-01-2023,4,2,4,30-Sep-22,Communication Skills,External,Completed,1,502.7,19
3587,10-May-21,Production Technician I,MSC,Active,Full-Time,Zone B,Temporary,Production       ,General - Eng,25-12-1977,MA,Male,Other,Divorced,Fully Meets,2,24-05-2023,1,2,2,22-Mar-23,Leadership Development,External,Completed,5,570.04,44
3588,25-Jun-19,Production Technician I,NEL,Active,Full-Time,Zone C,Full-Time,Production       ,Shop (Fleet),08-03-1972,MA,Male,Black,Widowed,Fully Meets,2,10-05-2023,4,2,1,23-Mar-23,Communication Skills,External,Passed,1,538.83,47
3589,25-Apr-19,Production Technician I,PL,Active,Contract,Zone B,Temporary,Production       ,Field Operations,02-08-1951,MA,Male,White,Single,Fully Meets,1,18-09-2022,2,3,2,07-Jan-23,Communication Skills,Internal,Incomplete,4,881.8,68
3593,30-May-20,Production Technician I,WBL,Active,Contract,Zone A,Full-Time,Production       ,General - Con,11-11-1949,MA,Male,Asian,Married,Fully Meets,1,07-10-2022,4,4,3,15-Jun-23,Project Management,Internal,Incomplete,3,258.07,71
3594,11-Dec-18,Production Technician I,PYZ,Active,Part-Time,Zone B,Part-Time,Production       ,Field Operations,14-03-1968,MA,Male,Black,Married,Needs Improvement,1,23-01-2023,1,5,1,05-May-23,Leadership Development,Internal,Passed,5,472.64,50
3595,22-Sep-20,Production Technician I,WBL,Active,Contract,Zone A,Temporary,Production       ,Engineers,02-03-1952,MA,Male,Other,Divorced,Fully Meets,1,19-01-2023,2,3,1,21-Feb-23,Technical Skills,External,Passed,2,252.88,68
3596,28-Jul-19,Production Technician I,NEL,Active,Part-Time,Zone C,Full-Time,Production       ,Splicing,19-07-1982,MA,Male,Other,Single,Needs Improvement,2,19-10-2022,4,3,4,14-Dec-22,Technical Skills,Internal,Incomplete,2,289.68,37
3598,28-Sep-18,Production Technician II,SVG,Terminated,Part-Time,Zone A,Full-Time,Production       ,Project Management - Eng,06-10-1950,MA,Female,Other,Married,Needs Improvement,1,01-07-2023,2,5,4,11-Oct-22,Technical Skills,Internal,Passed,3,373.87,68
3599,12-Apr-20,Production Technician II,TNS,Active,Part-Time,Zone A,Temporary,Production       ,General - Con,31-03-1950,MA,Female,White,Divorced,Fully Meets,2,02-03-2023,4,4,2,02-Mar-23,Leadership Development,Internal,Completed,5,918.86,70
3600,01-Nov-22,Production Technician II,WBL,Active,Contract,Zone B,Temporary,Production       ,Field Operations,07-10-1949,MA,Female,White,Single,Fully Meets,2,04-07-2023,2,1,4,01-Nov-22,Leadership Development,Internal,Passed,4,299.7,73
3601,21-Nov-22,Production Technician II,BPC,Active,Part-Time,Zone B,Full-Time,Production       ,Wireline Construction,22-07-1966,MA,Female,White,Married,Fully Meets,5,01-09-2022,1,1,2,03-Jan-23,Project Management,External,Completed,1,865.58,56
3602,11-Apr-21,Production Technician II,CCDR,Terminated,Full-Time,Zone B,Part-Time,Production       ,Engineers,12-10-1994,MA,Female,Hispanic,Married,Fully Meets,5,04-08-2023,3,3,3,09-Apr-23,Technical Skills,External,Incomplete,1,632.59,27
3603,29-Nov-18,Production Technician II,EW,Terminated,Full-Time,Zone A,Part-Time,Production       ,Field Operations,15-02-1977,MA,Female,White,Married,Fully Meets,2,08-10-2022,5,1,3,02-Oct-22,Technical Skills,External,Incomplete,3,680.48,41
3604,16-Jan-19,Production Technician II,MSC,Active,Part-Time,Zone B,Full-Time,Production       ,Field Operations,09-03-1948,MA,Female,Hispanic,Divorced,Needs Improvement,4,15-12-2022,3,5,4,23-Mar-23,Project Management,External,Failed,3,287.71,71
3605,18-Sep-19,Production Technician I,CCDR,Active,Contract,Zone C,Temporary,Production       ,Engineers,25-08-1943,MA,Male,Other,Divorced,Fully Meets,4,09-07-2023,5,1,3,17-Nov-22,Communication Skills,External,Passed,2,102.92,76
3606,01-Aug-19,Production Technician I,SVG,Terminated,Part-Time,Zone C,Full-Time,Production       ,Billable Consultants,13-03-1965,MA,Male,Other,Divorced,Fully Meets,3,27-03-2023,3,5,1,31-Oct-22,Project Management,Internal,Passed,2,255.6,54
3607,18-Jun-19,Production Technician I,EW,Active,Full-Time,Zone A,Full-Time,Production       ,Project Management - Con,03-08-1976,MA,Male,Other,Married,Fully Meets,5,18-07-2023,2,4,1,04-May-23,Customer Service,External,Passed,4,321.91,43
3608,13-Feb-19,Production Technician I,MSC,Active,Full-Time,Zone C,Part-Time,Production       ,Field Operations,06-07-1979,MA,Male,Other,Married,Fully Meets,3,12-01-2023,1,3,1,14-Mar-23,Project Management,External,Completed,3,834.12,40
3609,02-Jun-21,Production Technician I,TNS,Active,Contract,Zone B,Full-Time,Production       ,Shop (Fleet),09-06-1993,MA,Female,Other,Widowed,Fully Meets,3,05-11-2022,2,2,4,23-Sep-22,Customer Service,Internal,Passed,4,273.88,28
3610,11-Oct-18,Production Technician I,PYZ,Active,Part-Time,Zone C,Full-Time,Production       ,Field Operations,07-04-1973,MA,Female,Other,Single,Fully Meets,3,14-12-2022,4,5,5,15-Feb-23,Customer Service,Internal,Incomplete,4,217.57,45
3611,09-Mar-21,Production Technician I,WBL,Active,Contract,Zone C,Full-Time,Production       ,Project Management - Con,20-01-1952,MA,Female,Hispanic,Married,Fully Meets,2,16-09-2022,2,3,4,07-Jan-23,Customer Service,Internal,Completed,1,482.09,69
3612,23-Jan-22,Production Technician I,NEL,Active,Contract,Zone A,Part-Time,Production       ,Field Operations,25-12-1984,MA,Male,Black,Single,PIP,4,07-07-2023,5,3,3,03-Jul-23,Leadership Development,External,Failed,2,614.11,38
3613,24-Feb-19,Production Technician I,PL,Active,Contract,Zone B,Part-Time,Production       ,Field Operations,14-06-1973,MA,Male,Asian,Married,Exceeds,1,13-10-2022,1,5,2,08-Oct-22,Customer Service,Internal,Incomplete,1,354.22,46
3614,08-Jan-20,Production Technician I,BPC,Active,Contract,Zone B,Temporary,Production       ,Project Management - Con,31-08-1973,MA,Male,White,Married,Fully Meets,2,04-07-2023,4,5,1,04-Jun-23,Leadership Development,External,Passed,3,868.85,47
3616,12-Feb-22,Production Technician I,SVG,Active,Contract,Zone C,Full-Time,Production       ,General - Con,24-03-1981,MA,Female,Hispanic,Married,Fully Meets,4,04-08-2023,1,1,1,30-Jan-23,Customer Service,Internal,Incomplete,4,134.93,41
3617,01-Feb-23,Production Technician I,EW,Active,Full-Time,Zone C,Full-Time,Production       ,Wireline Construction,18-02-1961,MA,Female,Hispanic,Married,Fully Meets,1,26-02-2023,2,3,3,09-Apr-23,Customer Service,Internal,Completed,5,531.1,62
3618,04-Feb-23,Production Technician I,MSC,Active,Part-Time,Zone B,Temporary,Production       ,Splicing,05-05-1944,MA,Male,Black,Married,Fully Meets,3,06-12-2022,3,4,5,26-Dec-22,Leadership Development,External,Passed,3,609.3,79
3619,23-Mar-23,Production Technician I,TNS,Active,Full-Time,Zone A,Full-Time,Production       ,General - Con,17-03-1984,MA,Male,Asian,Married,Fully Meets,3,30-04-2023,1,5,2,10-Nov-22,Project Management,Internal,Passed,2,656.68,39
3620,22-Mar-23,Production Technician I,PYZ,Active,Part-Time,Zone A,Temporary,Production       ,General - Eng,12-10-1994,MA,Male,Hispanic,Married,Fully Meets,2,29-08-2022,1,2,2,20-Dec-22,Technical Skills,Internal,Completed,3,654.22,29
3621,28-Nov-18,Production Technician I,WBL,Active,Contract,Zone A,Full-Time,Production       ,Wireless,09-09-1997,MA,Male,White,Married,Fully Meets,2,23-06-2023,2,3,2,15-Jul-23,Leadership Development,External,Passed,3,879.89,21
3622,09-Jul-20,Production Technician II,SVG,Active,Part-Time,Zone A,Temporary,Production       ,Field Operations,16-10-1995,MA,Female,Hispanic,Divorced,Fully Meets,3,26-07-2023,3,1,5,11-May-23,Project Management,External,Completed,1,977.23,25
3623,11-Feb-19,Production Technician II,EW,Active,Part-Time,Zone A,Full-Time,Production       ,Engineers,25-04-1958,MA,Female,Asian,Divorced,Fully Meets,3,04-12-2022,2,2,5,03-Aug-23,Project Management,External,Completed,2,763.37,61
3624,09-Jan-20,Production Technician II,MSC,Active,Part-Time,Zone B,Part-Time,Production       ,Technology / It,04-02-1996,MA,Female,Asian,Married,Fully Meets,4,09-01-2023,2,2,2,05-Apr-23,Communication Skills,External,Passed,5,962.13,24
3625,11-Nov-21,Production Technician II,TNS,Terminated,Contract,Zone B,Part-Time,Production       ,Engineers,14-12-1975,MA,Female,Asian,Single,Fully Meets,5,28-08-2022,5,2,4,26-Mar-23,Technical Skills,External,Incomplete,2,617.27,46
3626,15-May-21,Production Technician II,PYZ,Active,Full-Time,Zone B,Temporary,Production       ,Field Operations,28-10-1993,MA,Female,Asian,Single,Fully Meets,2,24-02-2023,2,5,1,25-Sep-22,Communication Skills,Internal,Failed,2,559.78,28
3627,21-Aug-19,Production Technician II,WBL,Terminated,Contract,Zone C,Full-Time,Production       ,Field Operations,23-02-1967,MA,Female,Black,Married,Fully Meets,3,29-01-2023,1,1,4,30-Aug-22,Leadership Development,Internal,Incomplete,5,113.89,52
3628,18-Sep-20,Production Technician II,NEL,Active,Contract,Zone B,Part-Time,Production       ,Engineers,27-01-1946,MA,Female,Hispanic,Married,Fully Meets,3,27-05-2023,4,3,1,25-Sep-22,Leadership Development,Internal,Incomplete,4,858.62,74
3629,27-Aug-22,Production Technician I,NEL,Terminated,Contract,Zone B,Full-Time,Production       ,Field Operations,26-11-1983,MA,Male,Black,Divorced,Fully Meets,5,18-11-2022,2,4,4,30-Jul-23,Technical Skills,Internal,Incomplete,1,343.76,39
3630,23-Feb-19,Production Technician I,MSC,Active,Contract,Zone B,Full-Time,Production       ,Field Operations,07-05-1965,MA,Male,Other,Widowed,Fully Meets,5,19-10-2022,5,3,2,24-Sep-22,Technical Skills,Internal,Failed,5,507.58,54
3631,08-Aug-22,Production Technician I,EW,Active,Contract,Zone C,Full-Time,Production       ,Wireline Construction,28-04-1947,MA,Male,Other,Divorced,Fully Meets,3,10-02-2023,4,1,5,10-Apr-23,Customer Service,Internal,Completed,1,691.12,75
3632,24-Sep-22,Production Technician I,CCDR,Active,Contract,Zone C,Full-Time,Production       ,Field Operations,03-10-1945,MA,Male,Asian,Married,Fully Meets,3,27-02-2023,3,4,5,23-Jun-23,Technical Skills,Internal,Completed,2,174.85,77
3633,21-Mar-22,Production Technician I,BPC,Active,Contract,Zone B,Temporary,Production       ,Aerial,24-03-1987,MA,Female,Hispanic,Single,Fully Meets,5,04-11-2022,4,4,4,01-Dec-22,Communication Skills,Internal,Incomplete,3,699.39,35
3634,23-Jun-23,Production Technician I,PYZ,Active,Part-Time,Zone B,Full-Time,Production       ,General - Sga,26-04-1962,MA,Female,Other,Married,Fully Meets,5,25-06-2023,2,5,2,15-Sep-22,Technical Skills,External,Incomplete,3,254.68,61
3635,26-Oct-20,Production Technician I,WBL,Active,Part-Time,Zone C,Part-Time,Production       ,Yard (Material Handling),12-03-1978,MA,Female,Hispanic,Single,Fully Meets,4,07-10-2022,1,5,4,13-Jun-23,Technical Skills,External,Failed,2,534.55,42
3636,29-Jan-20,Production Technician I,NEL,Active,Contract,Zone B,Temporary,Production       ,Catv,13-03-1982,MA,Male,Asian,Divorced,Fully Meets,3,08-12-2022,3,5,3,26-Aug-22,Communication Skills,External,Passed,3,795.72,38
3637,23-Apr-22,Production Technician I,PL,Active,Full-Time,Zone C,Full-Time,Production       ,Aerial,17-04-1995,MA,Male,Asian,Divorced,Fully Meets,3,07-05-2023,2,1,3,21-Mar-23,Project Management,External,Completed,4,977.23,27
3638,15-Jun-23,Production Technician I,BPC,Active,Full-Time,Zone C,Part-Time,Production       ,Field Operations,10-12-1978,MA,Male,Hispanic,Single,Fully Meets,3,15-05-2023,4,5,1,01-Jan-23,Customer Service,Internal,Completed,3,370.79,45
3640,07-Jan-23,Production Technician I,SVG,Active,Contract,Zone A,Temporary,Production       ,Field Operations,21-09-2000,MA,Female,Asian,Divorced,Fully Meets,3,25-07-2023,2,1,2,31-Jan-23,Communication Skills,External,Passed,1,699.48,23
3643,16-Apr-20,Production Technician I,TNS,Active,Full-Time,Zone A,Full-Time,Production       ,Catv,22-03-1961,MA,Male,Asian,Single,Fully Meets,3,18-06-2023,1,5,3,27-Mar-23,Leadership Development,Internal,Completed,4,712.43,59
3644,16-Jun-22,Production Technician I,PYZ,Active,Part-Time,Zone B,Full-Time,Production       ,Field Operations,24-06-1986,MA,Male,Black,Married,Fully Meets,3,11-11-2022,4,4,4,06-Feb-23,Technical Skills,Internal,Incomplete,1,504.66,36
3645,22-Jul-19,Production Technician I,WBL,Active,Part-Time,Zone C,Full-Time,Production       ,General - Con,16-09-1977,MA,Male,Asian,Single,Fully Meets,3,08-06-2023,1,3,3,06-May-23,Leadership Development,External,Incomplete,5,398.36,42
3646,22-Apr-23,Production Technician II,SVG,Active,Part-Time,Zone A,Full-Time,Production       ,Splicing,01-01-1968,MA,Female,Hispanic,Widowed,Fully Meets,3,30-07-2023,5,4,4,22-Jul-23,Communication Skills,External,Failed,4,533.61,55
3647,28-Dec-20,Production Technician II,EW,Terminated,Part-Time,Zone A,Part-Time,Production       ,Engineers,24-07-1966,MA,Female,Black,Single,Fully Meets,3,28-12-2022,2,4,4,10-Aug-22,Technical Skills,Internal,Completed,4,199.55,54
3648,23-Feb-22,Production Technician II,MSC,Active,Contract,Zone A,Full-Time,Production       ,Aerial,27-06-1948,MA,Female,Other,Divorced,Exceeds,4,28-09-2022,3,3,5,26-Feb-23,Leadership Development,Internal,Completed,2,325.78,74
3649,13-Aug-22,Production Technician II,TNS,Active,Contract,Zone A,Part-Time,Production       ,Field Operations,06-06-1968,MA,Female,White,Married,Exceeds,4,08-09-2022,1,2,2,18-Dec-22,Leadership Development,External,Completed,4,336.33,54
3650,03-Oct-19,Production Technician II,PYZ,Terminated,Full-Time,Zone B,Part-Time,Production       ,Field Operations,25-12-1991,MA,Female,White,Divorced,Fully Meets,3,30-06-2023,3,2,4,09-Jan-23,Communication Skills,External,Passed,4,242.71,28
3651,14-Oct-19,Production Technician II,WBL,Active,Full-Time,Zone C,Full-Time,Production       ,General - Con,19-01-1991,MA,Female,White,Single,Fully Meets,3,25-10-2022,1,4,1,14-May-23,Leadership Development,Internal,Failed,4,651.28,28
3652,30-Aug-19,Production Technician I,NEL,Terminated,Part-Time,Zone C,Part-Time,Production       ,Field Operations,16-08-1946,MA,Male,Other,Married,Fully Meets,3,01-09-2022,1,5,2,31-Jan-23,Communication Skills,External,Incomplete,3,962.45,73
3653,04-Feb-21,Production Technician I,PL,Terminated,Contract,Zone B,Part-Time,Production       ,General - Con,29-06-1995,MA,Male,Asian,Widowed,Exceeds,3,31-05-2023,4,4,3,20-Jan-23,Customer Service,External,Failed,1,791.72,26
3654,23-Nov-22,Production Technician I,PYZ,Active,Part-Time,Zone A,Part-Time,Production       ,Aerial,30-03-1995,MA,Male,Asian,Divorced,Exceeds,4,02-01-2023,2,4,1,11-Apr-23,Project Management,Internal,Incomplete,4,553.86,27
3655,25-Feb-23,Production Technician I,SVG,Active,Part-Time,Zone C,Full-Time,Production       ,Engineers,20-10-1998,MA,Male,Asian,Married,Fully Meets,3,05-04-2023,1,5,1,04-Jan-23,Technical Skills,External,Passed,1,735.72,25
3656,15-Dec-19,Production Technician I,TNS,Active,Part-Time,Zone B,Part-Time,Production       ,Underground,14-04-2001,MA,Male,Hispanic,Divorced,Exceeds,5,14-11-2022,5,3,2,14-Jun-23,Project Management,Internal,Failed,4,867.03,18
3657,29-Aug-21,Production Technician I,WBL,Active,Part-Time,Zone C,Full-Time,Production       ,General - Con,04-03-1992,MA,Female,Black,Single,Fully Meets,4,26-03-2023,4,2,4,26-May-23,Project Management,External,Incomplete,1,710.14,29
3658,04-Nov-22,Production Technician I,BPC,Active,Part-Time,Zone C,Temporary,Production       ,Project Management - Con,25-11-1966,MA,Female,Black,Divorced,Fully Meets,3,02-08-2023,5,4,2,18-Aug-22,Leadership Development,External,Incomplete,2,799.88,56
3659,02-Oct-19,Production Technician I,CCDR,Active,Full-Time,Zone A,Part-Time,Production       ,Field Operations,30-10-1989,MA,Male,Other,Divorced,Exceeds,1,26-08-2022,3,1,5,27-Jan-23,Leadership Development,External,Passed,5,242.87,30
3660,24-May-19,Production Technician I,EW,Active,Full-Time,Zone A,Full-Time,Production       ,Field Operations,21-06-1974,MA,Male,Hispanic,Single,Exceeds,3,30-08-2022,3,2,4,19-May-23,Leadership Development,Internal,Passed,4,849.77,45
3661,28-Feb-22,Production Technician I,MSC,Active,Contract,Zone C,Temporary,Production       ,Executive,22-05-1952,MA,Male,Asian,Married,Fully Meets,3,06-07-2023,3,2,5,06-May-23,Customer Service,External,Passed,2,471.5,70
3662,13-Jun-23,Production Technician I,NEL,Active,Full-Time,Zone B,Temporary,Production       ,Wireline Construction,18-04-1973,MA,Male,Other,Married,Exceeds,2,14-07-2023,3,5,3,20-May-23,Customer Service,Internal,Passed,1,535.93,50
3665,22-Nov-19,Production Technician I,SVG,Active,Full-Time,Zone B,Temporary,Production       ,Field Operations,30-03-1985,MA,Male,Asian,Married,Fully Meets,3,02-03-2023,5,2,1,09-Jan-23,Project Management,Internal,Passed,3,752.33,34
3666,29-Apr-22,Production Technician I,TNS,Active,Full-Time,Zone A,Full-Time,Production       ,Field Operations,19-05-1956,MA,Male,Hispanic,Single,Fully Meets,3,26-04-2023,5,2,1,02-Aug-23,Project Management,Internal,Completed,3,343.52,66
3667,11-Dec-22,Production Technician I,WBL,Active,Part-Time,Zone B,Temporary,Production       ,Billable Consultants,23-08-1998,MA,Male,Black,Single,Fully Meets,3,18-11-2022,1,1,2,03-Feb-23,Leadership Development,Internal,Completed,3,860.31,24
3668,06-Aug-23,Production Technician I,BPC,Active,Full-Time,Zone C,Full-Time,Production       ,Underground,24-05-1996,MA,Male,Asian,Widowed,Needs Improvement,3,29-06-2023,1,5,1,28-Nov-22,Customer Service,External,Completed,4,265.55,27
3669,28-Mar-20,Production Technician I,CCDR,Terminated,Contract,Zone A,Temporary,Production       ,Finance & Accounting,16-01-1967,MA,Male,Black,Widowed,Fully Meets,3,11-04-2023,4,2,4,03-Aug-23,Project Management,Internal,Completed,1,183.85,53
3670,11-Aug-22,Production Technician II,SVG,Active,Full-Time,Zone A,Full-Time,Production       ,Billable Consultants,17-01-1969,MA,Female,Hispanic,Widowed,Needs Improvement,3,16-08-2022,2,2,3,25-Sep-22,Project Management,External,Completed,5,942.09,53
3671,26-Jan-23,Production Technician II,EW,Terminated,Part-Time,Zone A,Temporary,Production       ,Splicing,29-12-1989,MA,Female,Asian,Divorced,Needs Improvement,3,10-01-2023,3,4,5,20-Jan-23,Communication Skills,External,Passed,4,381.94,34
3672,14-Jan-19,Production Technician II,MSC,Active,Part-Time,Zone A,Full-Time,Production       ,General - Con,24-02-1991,MA,Female,Asian,Divorced,Fully Meets,3,30-11-2022,3,2,4,29-Aug-22,Project Management,External,Failed,1,358.73,28
3673,11-Jun-22,Production Technician II,TNS,Terminated,Full-Time,Zone B,Temporary,Production       ,People Services,19-02-1973,MA,Female,Other,Widowed,Fully Meets,3,08-06-2023,3,3,1,21-Mar-23,Customer Service,External,Passed,3,578.02,49
3674,25-Jun-20,Production Technician II,BPC,Terminated,Part-Time,Zone C,Part-Time,Production       ,Engineers,01-05-1996,MA,Female,Other,Single,Fully Meets,3,02-04-2023,4,4,3,08-Nov-22,Project Management,Internal,Completed,2,223.29,24
3675,08-Jun-20,Production Technician II,CCDR,Active,Full-Time,Zone C,Full-Time,Production       ,Engineers,28-08-1952,MA,Female,Hispanic,Divorced,Fully Meets,3,05-05-2023,5,3,2,07-Sep-22,Customer Service,Internal,Passed,5,992.37,68
3676,29-Aug-18,Production Technician I,BPC,Active,Contract,Zone B,Part-Time,Production       ,Yard (Material Handling),29-11-1993,MA,Male,Black,Divorced,Fully Meets,3,07-09-2022,3,4,1,10-Feb-23,Customer Service,Internal,Failed,5,113.48,25
3677,01-Oct-22,Production Technician I,CCDR,Active,Full-Time,Zone A,Full-Time,Production       ,Field Operations,04-02-1960,MA,Male,Hispanic,Single,Fully Meets,3,25-07-2023,3,5,5,05-Oct-22,Leadership Development,External,Incomplete,4,882.2,62
3678,22-Jul-21,Production Technician I,SVG,Active,Full-Time,Zone A,Full-Time,Production       ,General - Eng,24-05-1999,MA,Male,Asian,Single,Fully Meets,3,20-11-2022,3,4,4,06-Sep-22,Customer Service,Internal,Incomplete,2,288.16,22
3679,14-Dec-19,Production Technician I,EW,Active,Full-Time,Zone A,Full-Time,Production       ,Engineers,16-07-1989,MA,Male,Asian,Divorced,Fully Meets,3,26-10-2022,4,2,5,16-Jan-23,Leadership Development,External,Completed,1,815.52,30
3680,27-Mar-20,Production Technician I,MSC,Active,Part-Time,Zone B,Full-Time,Production       ,Underground,14-09-1985,MA,Female,Other,Divorced,Fully Meets,3,23-04-2023,3,2,3,15-May-23,Leadership Development,Internal,Completed,4,461.06,35
3681,25-Nov-21,Production Technician I,TNS,Active,Part-Time,Zone B,Temporary,Production       ,Engineers,17-03-1976,MA,Female,Black,Widowed,Fully Meets,3,13-08-2022,5,2,5,22-Mar-23,Customer Service,External,Incomplete,2,580.16,45
3682,08-Jul-23,Production Technician I,PYZ,Active,Full-Time,Zone C,Temporary,Production       ,Field Operations,28-04-1943,MA,Female,Black,Single,Fully Meets,4,30-07-2023,3,3,3,17-Oct-22,Communication Skills,External,Incomplete,3,336.69,80
3683,02-Nov-21,Production Technician I,WBL,Active,Part-Time,Zone C,Temporary,Production       ,Finance & Accounting,06-01-1956,MA,Male,Other,Divorced,Fully Meets,3,25-10-2022,2,1,5,28-Dec-22,Project Management,Internal,Completed,1,990.69,65
3684,01-Dec-19,Production Technician I,NEL,Active,Contract,Zone C,Part-Time,Production       ,Field Operations,03-08-1954,MA,Male,Hispanic,Widowed,Fully Meets,3,16-04-2023,5,5,3,29-Oct-22,Communication Skills,Internal,Completed,2,939.39,65
3685,16-Aug-22,Production Technician I,PL,Active,Full-Time,Zone C,Full-Time,Production       ,Project Management - Con,22-06-1986,MA,Male,Asian,Widowed,Fully Meets,3,03-01-2023,4,3,4,06-Jan-23,Leadership Development,External,Passed,1,941.12,36
3687,17-May-19,Production Technician I,CCDR,Active,Part-Time,Zone B,Temporary,Production       ,Field Operations,20-08-1944,MA,Female,White,Divorced,Exceeds,1,02-09-2022,2,4,5,26-Dec-22,Customer Service,External,Incomplete,3,614.53,75
3689,16-Jul-21,Production Technician I,EW,Active,Contract,Zone A,Temporary,Production       ,Field Operations,29-12-1960,MA,Male,Asian,Married,Exceeds,3,17-08-2022,4,4,3,25-Feb-23,Communication Skills,External,Passed,1,734.94,61
3690,04-Aug-20,Production Technician I,MSC,Active,Part-Time,Zone A,Temporary,Production       ,Yard (Material Handling),14-11-1950,MA,Male,White,Single,Needs Improvement,3,31-05-2023,4,3,5,03-Apr-23,Technical Skills,Internal,Completed,5,589.5,70
3691,23-Nov-20,Production Technician I,TNS,Active,Part-Time,Zone C,Full-Time,Production       ,Finance & Accounting,03-01-1993,MA,Male,Asian,Single,Needs Improvement,1,07-12-2022,1,1,5,06-Mar-23,Leadership Development,Internal,Completed,3,311.28,27
3692,11-Nov-19,Production Technician I,PYZ,Active,Full-Time,Zone B,Part-Time,Production       ,Aerial,15-12-1979,MA,Male,Black,Widowed,Needs Improvement,3,17-02-2023,4,5,3,29-Mar-23,Technical Skills,Internal,Passed,5,671.88,40
3693,20-May-19,Production Technician II,SVG,Active,Part-Time,Zone B,Temporary,Production       ,Project Management - Con,01-08-1977,MA,Female,White,Married,Exceeds,2,09-04-2023,3,1,1,24-Jan-23,Project Management,External,Completed,1,861.5,42
3694,05-Nov-19,Production Technician II,EW,Terminated,Full-Time,Zone A,Part-Time,Production       ,Field Operations,11-03-1961,MA,Female,Hispanic,Married,PIP,4,20-03-2023,3,3,5,19-May-23,Leadership Development,External,Completed,2,649.18,58
3695,20-Sep-18,Production Technician II,MSC,Terminated,Contract,Zone C,Temporary,Production       ,Catv,28-11-1989,MA,Female,Hispanic,Divorced,PIP,4,28-08-2022,1,1,4,08-Jan-23,Project Management,External,Failed,4,492.2,29
3696,02-Sep-20,Production Technician II,TNS,Terminated,Contract,Zone B,Part-Time,Production       ,Wireless,07-10-1989,MA,Female,Hispanic,Widowed,PIP,3,01-12-2022,2,1,2,13-Jan-23,Technical Skills,Internal,Passed,2,299.59,31
3697,28-Jun-20,Production Technician II,PYZ,Active,Full-Time,Zone A,Part-Time,Production       ,Field Operations,26-12-1992,MA,Female,Other,Single,PIP,4,20-07-2023,3,4,1,24-Apr-23,Technical Skills,Internal,Failed,2,982.33,28
3698,22-Mar-23,Production Technician II,WBL,Active,Full-Time,Zone A,Full-Time,Production       ,Catv,12-06-1984,MA,Female,Hispanic,Married,PIP,3,19-01-2023,2,5,4,24-Dec-22,Leadership Development,External,Passed,2,830.36,39
3699,30-Aug-22,Production Technician I,PYZ,Terminated,Part-Time,Zone B,Temporary,Production       ,Engineers,31-01-1977,MA,Male,Asian,Divorced,PIP,2,21-06-2023,2,4,3,19-Aug-22,Customer Service,External,Passed,1,973.34,45
3700,24-Oct-19,Production Technician I,PL,Active,Part-Time,Zone A,Temporary,Production       ,Wireline Construction,12-04-1988,MA,Male,Hispanic,Divorced,PIP,1,18-01-2023,4,1,1,25-Feb-23,Project Management,Internal,Failed,4,667.34,31
3701,09-Nov-19,Production Technician I,NEL,Active,Part-Time,Zone B,Temporary,Production       ,Shop (Fleet),20-06-1948,MA,Male,Other,Single,PIP,2,10-06-2023,4,1,4,21-Aug-22,Communication Skills,Internal,Failed,4,480.17,71
3702,13-Jul-19,Production Technician I,MSC,Active,Part-Time,Zone C,Part-Time,Production       ,Aerial,22-04-1976,MA,Male,Asian,Single,Exceeds,3,24-02-2023,2,4,1,15-Feb-23,Leadership Development,External,Failed,3,346.28,43
3703,31-Aug-20,Production Technician I,EW,Active,Part-Time,Zone A,Part-Time,Production       ,Engineers,15-02-1951,MA,Female,White,Widowed,Exceeds,4,02-06-2023,5,5,5,27-Dec-22,Communication Skills,External,Completed,3,121.45,69
3704,25-Jan-19,Production Technician I,CCDR,Active,Full-Time,Zone C,Part-Time,Production       ,Field Operations,05-02-1976,MA,Female,Asian,Married,Exceeds,5,07-07-2023,2,4,5,07-Oct-22,Technical Skills,External,Incomplete,2,669.3,43
3705,21-Nov-20,Production Technician I,BPC,Active,Full-Time,Zone A,Part-Time,Production       ,General - Sga,27-05-1967,MA,Female,White,Single,Exceeds,3,25-05-2023,3,1,4,17-Apr-23,Technical Skills,Internal,Completed,5,983.59,53
3706,23-Sep-19,Production Technician I,WBL,Active,Full-Time,Zone B,Part-Time,Production       ,Field Operations,08-11-1974,MA,Male,White,Divorced,Exceeds,3,17-07-2023,2,1,4,07-Jun-23,Customer Service,Internal,Completed,1,304.9,45
3707,11-Dec-22,Production Technician I,TNS,Active,Contract,Zone B,Temporary,Production       ,Engineers,01-12-1995,MA,Male,Asian,Divorced,Exceeds,3,24-03-2023,3,2,4,24-Dec-22,Leadership Development,External,Passed,3,778.72,27
3708,21-Aug-20,Production Technician I,SVG,Active,Full-Time,Zone C,Part-Time,Production       ,Fielders,19-02-1974,MA,Male,Black,Married,Exceeds,4,21-08-2022,5,5,2,03-Jan-23,Customer Service,External,Passed,4,136.15,46
3709,04-Feb-19,Production Technician I,PYZ,Active,Full-Time,Zone C,Part-Time,Production       ,Splicing,18-09-1969,MA,Male,Black,Divorced,Exceeds,5,08-05-2023,3,5,3,07-Apr-23,Leadership Development,Internal,Incomplete,4,339.84,50
3710,29-Oct-21,Production Technician I,PL,Active,Full-Time,Zone C,Part-Time,Production       ,Aerial,16-10-1960,MA,Female,Hispanic,Single,Exceeds,1,28-02-2023,5,5,3,02-Jun-23,Leadership Development,External,Completed,1,791.78,61
3711,17-Jul-21,Production Technician I,NEL,Active,Part-Time,Zone A,Temporary,Production       ,Finance & Accounting,03-01-1981,MA,Female,Black,Single,Needs Improvement,1,14-12-2022,4,3,3,19-Oct-22,Leadership Development,External,Incomplete,5,853.26,40
3713,21-Jul-20,Production Technician I,EW,Active,Full-Time,Zone B,Temporary,Production       ,General - Sga,10-04-1985,MA,Male,Hispanic,Widowed,Fully Meets,3,30-10-2022,3,4,1,17-May-23,Customer Service,External,Incomplete,5,235.82,35
3714,19-Jan-20,Production Technician I,CCDR,Active,Full-Time,Zone B,Part-Time,Production       ,Field Operations,19-04-1965,MA,Male,White,Married,Fully Meets,4,21-07-2023,3,5,2,18-May-23,Leadership Development,Internal,Passed,5,448.57,55
3715,12-Sep-21,Production Technician I,BPC,Active,Contract,Zone A,Full-Time,Production       ,Project Management - Con,05-03-1976,MA,Male,Black,Widowed,Fully Meets,4,20-05-2023,1,1,4,11-Jan-23,Leadership Development,External,Incomplete,3,572.56,45
3716,31-Jul-22,Production Technician II,SVG,Terminated,Full-Time,Zone A,Full-Time,Production       ,General - Con,27-06-1993,MA,Female,Black,Married,Fully Meets,1,19-11-2022,5,3,3,07-Mar-23,Project Management,Internal,Incomplete,4,959.78,29
3717,18-May-23,Production Technician II,EW,Active,Contract,Zone B,Full-Time,Production       ,Field Operations,07-11-1992,MA,Female,Asian,Married,Fully Meets,2,01-01-2023,4,1,3,22-Aug-22,Communication Skills,External,Passed,3,363.02,31
3718,25-May-21,Production Technician II,MSC,Terminated,Contract,Zone C,Temporary,Production       ,Field Operations,15-09-1946,MA,Female,Other,Married,Fully Meets,4,05-10-2022,1,1,3,02-May-23,Communication Skills,Internal,Completed,2,325.7,75
3719,22-Jul-22,Production Technician II,TNS,Active,Contract,Zone B,Full-Time,Production       ,Underground,08-07-1947,MA,Female,Hispanic,Divorced,Fully Meets,3,27-11-2022,1,2,1,08-Oct-22,Project Management,Internal,Incomplete,3,727.75,75
3720,23-May-19,Production Technician II,PYZ,Active,Part-Time,Zone B,Full-Time,Production       ,Field Operations,18-12-1958,MA,Female,White,Single,Fully Meets,3,15-05-2023,2,1,5,23-Sep-22,Project Management,Internal,Passed,2,845.21,61
3721,12-Feb-20,Production Technician I,NEL,Active,Full-Time,Zone B,Full-Time,Production       ,Fielders,24-03-1960,MA,Male,Black,Widowed,Fully Meets,2,07-02-2023,5,4,5,22-Dec-22,Technical Skills,External,Incomplete,4,327.82,60
3722,16-Feb-20,Production Technician I,PL,Terminated,Part-Time,Zone B,Full-Time,Production       ,Field Operations,31-08-1947,MA,Male,White,Married,Fully Meets,2,01-06-2023,1,5,5,15-Jan-23,Communication Skills,Internal,Passed,1,512.55,73
3723,29-Apr-22,Production Technician I,BPC,Terminated,Full-Time,Zone A,Temporary,Production       ,Wireline Construction,30-08-1972,MA,Male,Asian,Married,Fully Meets,3,18-06-2023,2,1,4,06-Sep-22,Communication Skills,Internal,Completed,1,457.17,50
3724,10-Oct-19,Production Technician I,CCDR,Terminated,Part-Time,Zone C,Temporary,Production       ,Field Operations,25-11-1969,MA,Male,Asian,Divorced,Fully Meets,4,04-02-2023,1,2,5,28-Jun-23,Communication Skills,Internal,Incomplete,4,573.33,50
3725,07-Apr-19,Production Technician I,SVG,Active,Contract,Zone B,Part-Time,Production       ,Aerial,21-08-1955,MA,Male,Asian,Widowed,Fully Meets,1,17-05-2023,4,3,3,23-May-23,Customer Service,External,Failed,3,135.18,64
3726,13-Jul-20,Production Technician I,EW,Active,Contract,Zone A,Full-Time,Production       ,General - Con,25-07-1995,MA,Female,Other,Married,Fully Meets,4,01-10-2022,1,4,1,13-Jan-23,Communication Skills,External,Failed,3,911.12,25
3727,26-Aug-21,Production Technician I,MSC,Active,Part-Time,Zone C,Temporary,Production       ,Field Operations,15-01-1945,MA,Female,Other,Divorced,Fully Meets,3,11-10-2022,1,2,5,02-May-23,Project Management,Internal,Incomplete,5,693.8,76
3728,23-Dec-21,Production Technician I,TNS,Active,Contract,Zone A,Part-Time,Production       ,Splicing,07-02-1967,MA,Male,Hispanic,Divorced,Fully Meets,5,18-04-2023,5,1,2,10-Jul-23,Customer Service,Internal,Completed,5,419.79,54
3729,08-Dec-22,Production Technician I,BPC,Active,Contract,Zone B,Part-Time,Production       ,Wireline Construction,01-01-1943,MA,Male,Other,Divorced,Fully Meets,3,19-03-2023,4,5,3,12-Dec-22,Customer Service,External,Failed,1,693.56,79
3730,18-Jan-22,Production Technician I,CCDR,Active,Contract,Zone B,Temporary,Production       ,Fielders,08-12-1965,MA,Male,Black,Widowed,Fully Meets,4,20-02-2023,4,5,5,29-Aug-22,Leadership Development,External,Incomplete,1,161.47,57
3731,28-Feb-20,Production Technician I,EW,Active,Part-Time,Zone B,Part-Time,Production       ,Field Operations,04-07-1998,MA,Male,Hispanic,Single,Fully Meets,3,11-04-2023,2,4,1,02-May-23,Project Management,External,Passed,5,773.63,22
3732,31-May-20,Production Technician I,MSC,Active,Part-Time,Zone B,Part-Time,Production       ,Field Operations,03-07-1954,MA,Male,Black,Widowed,Fully Meets,5,12-12-2022,3,4,4,09-Dec-22,Technical Skills,Internal,Incomplete,5,695.42,66
3734,07-Mar-19,Production Technician I,PL,Active,Full-Time,Zone C,Temporary,Production       ,Technology / It,21-07-1964,MA,Male,White,Divorced,Fully Meets,3,31-07-2023,4,5,2,05-Mar-23,Communication Skills,Internal,Failed,2,702.69,55
3735,29-May-19,Production Technician I,PYZ,Active,Contract,Zone C,Temporary,Production       ,Wireless,11-07-1963,MA,Male,White,Married,Fully Meets,1,03-02-2023,4,4,4,25-Oct-22,Technical Skills,External,Failed,1,473.1,56
3736,18-Oct-20,Production Technician I,SVG,Active,Full-Time,Zone A,Part-Time,Production       ,Wireline Construction,02-07-1976,MA,Male,Other,Married,Fully Meets,2,14-09-2022,3,1,3,25-Oct-22,Project Management,Internal,Incomplete,2,119.82,44
3737,19-Nov-18,Production Technician I,TNS,Active,Part-Time,Zone B,Part-Time,Production       ,People Services,11-12-1946,MA,Male,Hispanic,Divorced,Fully Meets,5,09-09-2022,2,5,1,17-Nov-22,Customer Service,External,Failed,1,157.8,72
3738,15-Apr-22,Production Technician II,SVG,Terminated,Full-Time,Zone A,Temporary,Production       ,General - Con,03-09-2000,MA,Female,Hispanic,Widowed,Fully Meets,3,19-09-2022,3,3,5,01-Sep-22,Technical Skills,Internal,Completed,3,791.98,22
3739,24-Aug-18,Production Technician II,EW,Terminated,Full-Time,Zone B,Temporary,Production       ,Field Operations,09-03-1951,MA,Female,Asian,Divorced,Fully Meets,3,23-05-2023,1,3,4,19-Aug-22,Customer Service,External,Incomplete,5,752.97,67
3740,15-Oct-22,Production Technician II,MSC,Terminated,Full-Time,Zone C,Part-Time,Production       ,People Services,24-05-2001,MA,Female,Other,Single,Fully Meets,4,23-06-2023,2,2,4,11-Sep-22,Leadership Development,External,Completed,5,916.21,21
3741,27-Feb-23,Production Technician II,TNS,Terminated,Full-Time,Zone A,Temporary,Production       ,Field Operations,14-09-1948,MA,Female,Hispanic,Widowed,Fully Meets,1,01-09-2022,2,5,4,05-Oct-22,Project Management,External,Completed,2,751.04,75
3742,22-Sep-21,Production Technician II,PYZ,Active,Contract,Zone A,Temporary,Production       ,Field Operations,12-09-1981,MA,Female,Asian,Married,Fully Meets,2,07-01-2023,2,1,1,22-Apr-23,Communication Skills,Internal,Passed,3,620.63,40
3743,30-May-20,Production Technician I,WBL,Active,Contract,Zone A,Part-Time,Production       ,General - Con,13-09-1950,MA,Male,Black,Married,Fully Meets,2,11-08-2022,2,1,3,17-Nov-22,Leadership Development,Internal,Passed,3,439.3,70
3744,11-Sep-20,Production Technician I,NEL,Active,Part-Time,Zone B,Full-Time,Production       ,Aerial,22-12-1964,MA,Female,Asian,Widowed,Fully Meets,5,05-09-2022,4,3,2,23-May-23,Communication Skills,Internal,Completed,1,716.39,56
3745,31-May-19,Production Technician I,PL,Terminated,Full-Time,Zone C,Full-Time,Production       ,General - Con,20-07-1978,MA,Male,Asian,Single,Fully Meets,4,13-01-2023,5,4,4,11-Oct-22,Technical Skills,External,Failed,5,300.33,41
3746,13-Jul-20,Production Technician I,BPC,Active,Part-Time,Zone B,Full-Time,Production       ,Shop (Fleet),21-08-1969,MA,Male,Black,Widowed,Fully Meets,3,06-11-2022,2,1,5,22-Feb-23,Project Management,Internal,Passed,3,337.15,51
3747,09-Sep-21,Production Technician I,CCDR,Terminated,Part-Time,Zone C,Temporary,Production       ,Technology / It,17-02-1944,MA,Male,Black,Widowed,Fully Meets,2,26-04-2023,2,5,5,18-Oct-22,Leadership Development,External,Failed,5,725.6,77
3748,06-Apr-19,Production Technician I,SVG,Active,Full-Time,Zone C,Part-Time,Production       ,General - Con,20-08-1969,MA,Male,Other,Married,Fully Meets,1,18-11-2022,4,1,3,23-Dec-22,Customer Service,Internal,Failed,5,588.88,50
3749,16-Feb-21,Production Technician I,EW,Active,Full-Time,Zone A,Full-Time,Production       ,Project Management - Eng,02-05-1985,MA,Female,Other,Married,Fully Meets,4,01-04-2023,1,3,3,28-Sep-22,Technical Skills,External,Passed,4,742.98,36
3750,17-Feb-20,Production Technician I,MSC,Active,Full-Time,Zone C,Part-Time,Production       ,Engineers,16-02-1955,MA,Male,Black,Single,Fully Meets,1,07-12-2022,4,1,5,27-Sep-22,Project Management,External,Passed,5,283.05,65
3751,15-Oct-21,Production Technician I,TNS,Active,Contract,Zone A,Full-Time,Production       ,Aerial,24-12-1972,MA,Male,Other,Single,Fully Meets,3,05-04-2023,1,1,4,10-Nov-22,Customer Service,Internal,Incomplete,4,511.13,49
3752,06-Jul-22,Production Technician I,PYZ,Active,Full-Time,Zone A,Temporary,Production       ,Engineers,12-10-1954,MA,Male,White,Divorced,Fully Meets,2,04-08-2023,3,1,5,31-May-23,Communication Skills,Internal,Completed,1,158.86,68
3753,05-Mar-19,Production Technician I,WBL,Active,Part-Time,Zone B,Part-Time,Production       ,Project Management - Eng,29-09-1959,MA,Male,White,Single,Fully Meets,4,23-02-2023,1,3,2,19-Sep-22,Project Management,External,Failed,1,741.95,60
3754,02-Jun-20,Production Technician I,NEL,Active,Full-Time,Zone C,Full-Time,Production       ,Project Management - Con,31-05-1978,MA,Male,Black,Married,Fully Meets,1,23-04-2023,3,3,5,08-Mar-23,Technical Skills,External,Incomplete,4,132.52,42
3756,24-May-21,Production Technician I,BPC,Active,Full-Time,Zone A,Temporary,Production       ,Field Operations,01-06-1944,MA,Female,Hispanic,Married,Fully Meets,3,23-11-2022,1,5,3,27-Mar-23,Technical Skills,External,Failed,4,521.51,77
3758,16-Nov-22,Production Technician I,SVG,Terminated,Contract,Zone A,Temporary,Production       ,Engineers,20-12-1946,MA,Male,Other,Divorced,Fully Meets,3,04-10-2022,2,1,1,16-Jan-23,Leadership Development,Internal,Failed,4,917.17,76
3759,01-May-22,Production Technician I,EW,Active,Contract,Zone B,Full-Time,Production       ,Yard (Material Handling),21-10-1958,MA,Male,Black,Married,Fully Meets,1,28-11-2022,3,4,1,11-Aug-22,Project Management,Internal,Completed,2,790.71,64
3760,24-Aug-21,Production Technician I,MSC,Active,Full-Time,Zone A,Part-Time,Production       ,General - Con,12-02-1960,MA,Male,Other,Widowed,Fully Meets,3,28-10-2022,4,3,1,28-Nov-22,Technical Skills,External,Passed,1,680.48,61
3761,22-Jun-23,Production Technician II,CCDR,Active,Contract,Zone A,Full-Time,Production       ,General - Sga,23-11-1987,MA,Female,Black,Married,Fully Meets,1,30-05-2023,2,4,1,18-Aug-22,Customer Service,External,Failed,1,947.57,36
3762,18-Jul-20,Production Technician II,SVG,Active,Part-Time,Zone B,Temporary,Production       ,Engineers,11-05-1949,MA,Female,Black,Divorced,Fully Meets,2,06-08-2022,2,1,1,15-Jun-23,Project Management,Internal,Failed,2,594.61,71
3763,12-Jan-23,Production Technician II,EW,Terminated,Full-Time,Zone B,Full-Time,Production       ,Finance & Accounting,25-06-1950,MA,Female,White,Widowed,Fully Meets,3,09-07-2023,3,2,5,13-Nov-22,Technical Skills,External,Incomplete,1,775.59,73
3764,16-Feb-22,Production Technician II,MSC,Active,Full-Time,Zone B,Temporary,Production       ,General - Sga,13-12-1995,MA,Female,Black,Single,Fully Meets,3,11-07-2023,2,1,5,30-Aug-22,Communication Skills,External,Incomplete,2,239.16,27
